-- 初始化系统配置
INSERT INTO `t_sys_resource` (`id`, `res_name`, `res_type`, `res_icon`, `res_url`, `res_req_method`, `seq`, `status`, `parent_id`)
VALUES (1, '系统管理', 1, 'el-icon-setting', '/system', '', 0, 0, 0),
       (2, '资源管理', 1, '', '/system/resource', '', 0, 0, 1),
       (3, '查看系统资源列表', 2, '', '/system/resource/list', '', 0, 0, 2),
       (4, '+ 查询系统资源列表', 3, '', '/v1/system/resources/list', 'GET', 0, 0, 3),
       (5, '添加系统资源', 2, '', '/system/resource/add', '', 1, 0, 2),
       (6, '+ 添加系统资源', 3, '', '/v1/system/resources', 'POST', 0, 0, 5),
       (7, '编辑系统资源', 2, '', '/system/resource/edit', '', 2, 0, 2),
       (8, '+ 更新系统资源', 3, '', '/v1/system/resources', 'PUT', 0, 0, 7),
       (9, '删除系统资源', 2, '', '/system/resources/delete', '', 3, 0, 2),
       (10, '+ 删除系统资源', 3, '', '/v1/system/resources/*', 'DELETE', 0, 0, 9),
       (11, '角色管理', 1, '', '/system/role', '', 1, 0, 1),
       (12, '查看系统角色列表', 2, '', '/system/role/list', '', 0, 0, 11),
       (13, '+ 分页查询系统角色', 3, '', '/v1/system/roles/page', 'GET', 0, 0, 12),
       (14, '添加系统角色', 2, '', '/system/role/add', '', 1, 0, 11),
       (15, '+ 添加系统角色', 3, '', '/v1/system/roles', 'POST', 0, 0, 14),
       (16, '编辑系统角色', 2, '', '/system/role/edit', '', 2, 0, 11),
       (17, '+ 编辑系统角色', 3, '', '/v1/system/roles', 'PUT', 0, 0, 16),
       (18, '删除系统角色', 2, '', '/system/role/delete', '', 3, 0, 11),
       (19, '+ 删除系统角色', 3, '', '/v1/system/roles/*', 'DELETE', 0, 0, 18),
       (20, '角色授权', 2, '', '/system/role/grant-permission', '', 5, 0, 11),
       (21, '+ 查询系统角色具有的资源列表', 3, '', '/v1/system/roles/resources/list', 'GET', 0, 0, 20),
       (22, '+ 保存系统角色资源配置', 3, '', '/v1/system/roles/resources', 'POST', 0, 0, 20),
       (23, '用户管理', 1, '', '/system/user', '', 2, 0, 1),
       (24, '查看系统用户列表', 2, '', '/system/user/list', '', 0, 0, 23),
       (25, '+ 分页查询系统用户', 3, '', '/v1/system/users/page', 'GET', 0, 0, 24),
       (26, '+ 分页查询系统角色', 3, '', '/v1/system/roles/page', 'GET', 1, 0, 24),
       (27, '添加系统用户', 2, '', '/system/user/add', '', 1, 0, 23),
       (28, '+ 添加系统用户', 3, '', '/v1/system/users', 'POST', 0, 0, 27),
       (29, '编辑系统用户', 2, '', '/system/user/edit', '', 2, 0, 23),
       (30, '+ 更新系统用户信息', 3, '', '/v1/system/users', 'PUT', 0, 0, 29),
       (31, '删除系统用户', 2, '', '/system/user/delete', '', 3, 0, 23),
       (32, '+ 删除系统用户', 3, '', '/v1/system/users/*', 'DELETE', 0, 0, 31),
       (33, '重置系统用户密码', 2, '', '/system/user/reset-password', '', 4, 0, 23),
       (34, '+ 重置系统用户密码', 3, '', '/v1/system/users/*/password/reset', 'PUT', 0, 0, 33);

INSERT INTO `t_sys_role` (`id`, `role_name`, `status`)
VALUES (1, '管理员', 0),
       (2, '游客', 0);

INSERT INTO `t_sys_user` (`id`, `username`, `real_name`, `password`, `tel`, `email`, `status`)
VALUES (1, 'admin', '管理员', '$2a$10$XJvPEDme.nJXIufzpqpGqubyOvM6GnUtInR9XXfG.izi3Bo6OinKS', '18888888888', 'admin@xx.com', 0),
       (2, 'visitor', '游客', '$2a$10$tNq.CAY5t/z1MI6y6rJZ9ekP3x5RvJR5UAcA4.HoZ/jql/a13bNna', '18888888889', 'visitor@xx.com', 0);

INSERT INTO `t_sys_role_resource` (`id`, `role_id`, `res_id`)
VALUES (1, 1, 1),
       (2, 1, 2),
       (3, 1, 3),
       (19, 1, 4),
       (4, 1, 5),
       (20, 1, 6),
       (5, 1, 7),
       (21, 1, 8),
       (6, 1, 9),
       (22, 1, 10),
       (7, 1, 11),
       (8, 1, 12),
       (23, 1, 13),
       (9, 1, 14),
       (24, 1, 15),
       (10, 1, 16),
       (25, 1, 17),
       (11, 1, 18),
       (26, 1, 19),
       (12, 1, 20),
       (27, 1, 21),
       (28, 1, 22),
       (13, 1, 23),
       (14, 1, 24),
       (29, 1, 25),
       (30, 1, 26),
       (15, 1, 27),
       (31, 1, 28),
       (16, 1, 29),
       (32, 1, 30),
       (17, 1, 31),
       (33, 1, 32),
       (18, 1, 33),
       (34, 1, 34),
       (35, 2, 1),
       (36, 2, 2),
       (39, 2, 3),
       (42, 2, 4),
       (37, 2, 11),
       (40, 2, 12),
       (43, 2, 13),
       (38, 2, 23),
       (41, 2, 24),
       (44, 2, 25),
       (45, 2, 26);

INSERT INTO `t_sys_user_role` (`id`, `user_id`, `role_id`)
VALUES (1, 1, 1),
       (2, 2, 2);
